Studio Name,Contract Abbrev,type,chain,contract address
The Oversoul, INFLUX3 ,721,ETH, 0x8fb9051d464ef8fed7832e05bacc675699a84401
Art Cards , XIOIX ,1155,ETH, 0xfda5e0fc9a6b26c2b6e62b779311bd20072eb5b0
Mages , MAGES ,721,ETH, 0x5e3cf684507ec9c8eaca551903b8922a6cee3a4e
OIXXXIO , APOCXI ,721,ETH, 0x9133cd9edebb8198fdfc8e3f4c590834225c4d52
OXXXO , APOCXO ,721,ETH, 0x51e1517cd2e7017bdffbfd80aeca93e1b67b86fa
IXXXI , APOCIX ,721,ETH, 0x9c89597b11e893bcd47e574b633dc09ae66a8efe
Archai , Archai ,721,ETH, 0xe367723885ac164506274e098190a3b291be1e29
Monsters in a Landscape , MIAL ,721,ETH,  0xace9a28464c105b7ce96d6f1a79d1ef2de0fc064
The Origins, INFLUX ,721,ETH, 0x486f86728ba157cbd21f71cee7ff895e2892f9d6
InSights , APOCI ,721,ETH, 0xceaeeb3f6984c970d5354a23d59e70ac3aa2b720
SR Meeings , APOCSR1 ,721,ETH, 0x2318954d3add6175545d482bd648093740201805
Editions , APOCE ,1155,ETH, 0x8415d610f19641d97c088b532663cdca3dc58826
Meeings , APOME ,721,ETH, 0x4802bd775674f0638e850e6ab00d79e3341107d0
Apocalypse Art , APOC ,721,ETH, 0xd60e8125558a4022e7fd0a2a456f27a3b8b6fd07
The Ordeal,INFLUX2,721,SHAPE,0xdc77d7a6bae09fe36d23d27d8dfd7f930e7b981e